user,max_error,mean_error,score_v2,is_insider,threat_scenario
U0430,0.743996262550354,0.030557106203065378,0.1888458836873276,1,cloud_exfil
U0349,0.7794029712677002,0.029579228494753806,0.18870625710124633,1,sabotage
U0891,0.6797154545783997,0.03002996557137294,0.16832027621724985,1,sabotage
U0221,0.7309777140617371,0.027225388576656014,0.16531138664630232,1,flight_risk
U0719,0.6772147417068481,0.02787308218363936,0.15450722765436625,1,cloud_exfil
U0951,0.6307793259620667,0.026735392353248243,0.13062901071671815,0,normal
U0028,0.647333025932312,0.024032279539790938,0.13015826523101282,1,usb_exfil
U0282,0.6312601566314697,0.024755025131536084,0.1288623973456144,1,flight_risk
U0604,0.4565839469432831,0.02964347582783108,0.11161028564410984,1,email_exfil
U0143,0.5705881714820862,0.02324322055318447,0.10855665902938107,1,email_exfil
U0917,0.6456209421157837,0.020324251332627264,0.10248423969754566,0,normal
U0229,0.49184948205947876,0.0230020644037177,0.09397743317237578,1,usb_exfil
U0336,0.5985751748085022,0.017627422340082688,0.08240857957619897,0,normal
U0310,0.4155104458332062,0.01615997614998024,0.05329579397718957,0,normal
U0473,0.46123313903808594,0.013618051324094438,0.04865316474400449,0,normal
U0488,0.36748006939888,0.014495117132432593,0.04091490288720376,0,normal
U0140,0.40764081478118896,0.012819676005814054,0.040479052232627634,0,normal
U0639,0.2931957542896271,0.015648926243012864,0.035834977672429755,0,normal
U0150,0.2558388411998749,0.01760256942345411,0.03545997212609161,0,normal
U0550,0.3227710425853729,0.013849212767017196,0.0343356804363716,0,normal
U0298,0.3386933505535126,0.01312860664361555,0.034154765860820606,0,normal
U0035,0.29662734270095825,0.014828571948759943,0.033785979620480244,0,normal
U0325,0.22081980109214783,0.01868557900382086,0.03196098823628426,0,normal
U0003,0.22974376380443573,0.017993860462701346,0.03148343259381091,0,normal
U0217,0.273467481136322,0.014268265675185368,0.03097042409815217,0,normal
U0663,0.22481387853622437,0.01631396195860841,0.02817140902843403,0,normal
U0657,0.2979695796966553,0.011561498384927683,0.027125758814519084,0,normal
U0863,0.2141604721546173,0.016480627646962016,0.02711059622272823,0,normal
U0538,0.23071953654289246,0.015031785325853756,0.026863992693302138,0,normal
U0983,0.2838154733181,0.012060687254733403,0.026734560101259363,0,normal
U0720,0.24001801013946533,0.014204467007529588,0.026627702174762173,0,normal
U0960,0.2783602476119995,0.012004440558717328,0.026098410458919283,0,normal
U0591,0.28217044472694397,0.011917428057859069,0.02604771831807946,0,normal
U0592,0.24857152998447418,0.012829198886544374,0.025110003202584705,0,normal
U0548,0.21908040344715118,0.014669452875154332,0.025100499605442805,0,normal
U0425,0.25622040033340454,0.012809542400018786,0.024995470597596946,0,normal
U0724,0.22323830425739288,0.014017896022021917,0.02444085906226945,0,normal
U0800,0.22511285543441772,0.014015957961055392,0.024439859686086276,0,normal
U0046,0.23183573782444,0.01383989326486385,0.02443583148663405,0,normal
U0021,0.23505690693855286,0.0136257672296669,0.02439203190518356,0,normal
U0158,0.22286750376224518,0.013537751511728221,0.02394768636812148,0,normal
U0522,0.2574676275253296,0.011729727570990828,0.023197253179775727,0,normal
U0011,0.20546656847000122,0.014103131679746639,0.022999955904697143,0,normal
U0586,0.2619360089302063,0.011378713691868343,0.022893615352896666,0,normal
U0159,0.20939764380455017,0.013820893294421458,0.02278787084300805,0,normal
U0192,0.17275482416152954,0.016549834470277993,0.02251229043110332,0,normal
U0370,0.2040102481842041,0.013924563212684359,0.022368116189931946,0,normal
U0274,0.2350357621908188,0.012244951372446166,0.022292903595601463,0,normal
U0579,0.2619898021221161,0.010891947608784388,0.02191875772868393,0,normal
U0498,0.2624122202396393,0.010837220671829774,0.021843789277418917,0,normal
U0875,0.227897509932518,0.012403539343894007,0.0217125691391629,0,normal
U0323,0.22332066297531128,0.012252705880126117,0.021371048730844912,0,normal
U0134,0.16438311338424683,0.016574223093360287,0.021104059716752537,0,normal
U0904,0.22052569687366486,0.01210914398687589,0.021026572802130727,0,normal
U0779,0.209488645195961,0.012639561874145973,0.020510116797777398,0,normal
U0256,0.19488030672073364,0.013455155156109077,0.020479605291630516,0,normal
U0210,0.23138709366321564,0.011377832510758405,0.02039267945287655,0,normal
U0468,0.2283838838338852,0.01141062243984424,0.020353528382912125,0,normal
U0848,0.17585204541683197,0.014489244644913529,0.019900229595475216,0,normal
U0390,0.19277533888816833,0.012468811091331551,0.019821247153311267,1,cloud_exfil
U0108,0.17376519739627838,0.01433343635955094,0.0191310640792688,0,normal
U0931,0.1858457773923874,0.013263509790431272,0.019093554510385677,0,normal
U0345,0.15726225078105927,0.014570798461538314,0.01903410162410172,1,sabotage
U0160,0.19422441720962524,0.011843998607984888,0.018969532634414987,1,sabotage
U0578,0.20454904437065125,0.012016506918587118,0.018879987460931745,0,normal
U0825,0.1982552409172058,0.012291508336082156,0.018717845690903328,0,normal
U0174,0.19538679718971252,0.011842005971081404,0.018364992883348807,0,normal
U0760,0.13612349331378937,0.016080724503509957,0.01791744577351393,1,cloud_exfil
U0127,0.17811834812164307,0.012812349545663298,0.017823884320101246,0,normal
U0489,0.19342772662639618,0.012074278366185354,0.017786639726330655,0,normal
U0788,0.16432048380374908,0.013841775685444296,0.017764313520660876,0,normal
U0104,0.21246656775474548,0.010641849559954713,0.0176592654534454,0,normal
U0186,0.15936946868896484,0.01398648373246961,0.017409190870933112,0,normal
U0551,0.186929851770401,0.01200700403940355,0.017385570383282326,0,normal
U0981,0.1769760102033615,0.011936763723101283,0.01729172813697634,1,flight_risk
U0927,0.20615246891975403,0.01087258266358916,0.017216595044436376,0,normal
U0293,0.17064639925956726,0.012762243281210178,0.017009402787341595,0,normal
U0300,0.23668958246707916,0.009259125430874822,0.016975584475906306,0,normal
U0968,0.20314203202724457,0.010857254736207725,0.016941264603369564,0,normal
U0398,0.1884174793958664,0.01146337211529961,0.016869355770568722,0,normal
U0595,0.1634863317012787,0.013137984800998008,0.016637414228741345,0,normal
U0421,0.1568944901227951,0.013280418325116145,0.016273627276988847,0,normal
U0702,0.1830405294895172,0.011656639386728784,0.01624929867445724,0,normal
U0095,0.16579367220401764,0.01168780057060178,0.016096271504656926,1,sabotage
U0893,0.1767776757478714,0.011856632675493655,0.015962568786018448,0,normal
U0169,0.20182806253433228,0.010290800455615713,0.01595352708795813,0,normal
U0273,0.17181964218616486,0.01172397294520476,0.01586147103964973,0,normal
U0869,0.14882811903953552,0.013718797692445151,0.01581527215744336,0,normal
U0938,0.2053602933883667,0.009984425620608186,0.015749456380846724,0,normal
U0852,0.1797458976507187,0.011062279299350148,0.015656671923813693,0,normal
U0417,0.1885337233543396,0.010453654414639042,0.015392958579468333,0,normal
U0460,0.14458423852920532,0.01296067658404354,0.01533861076802486,1,email_exfil
U0751,0.17898888885974884,0.010817049661438698,0.014997211657552625,0,normal
U0487,0.17290210723876953,0.011319344754265957,0.014905123214073971,0,normal
U0181,0.1982463151216507,0.009588251426032457,0.014723808576653622,0,normal
U0242,0.1440047174692154,0.013341336867150513,0.014631540925859375,0,normal
U0530,0.17855551838874817,0.010497076917363301,0.014518350658918546,0,normal
U0361,0.21256603300571442,0.008719766177752948,0.014476501661972526,0,normal
U0350,0.15702663362026215,0.011737371152094056,0.014276435358569718,0,normal
U0200,0.1655789017677307,0.011187833725497805,0.01422908608322843,0,normal
U0991,0.18247567117214203,0.009976082154890554,0.01421771826864376,0,normal
U0925,0.15659695863723755,0.011623041837321848,0.014215693187712018,0,normal
U0682,0.1339179128408432,0.013578464724644834,0.01420215532009584,0,normal
U0905,0.18319040536880493,0.009986441720161564,0.014170628763739345,0,normal
U0894,0.13514935970306396,0.013562966919365,0.014079742130234215,0,normal
U0637,0.19846516847610474,0.009272468776502382,0.014015018440748877,0,normal
U0964,0.16596311330795288,0.010895299439742228,0.014006394971044962,0,normal
U0235,0.1348750740289688,0.013430611600462584,0.013914047826496804,0,normal
U0031,0.1472966969013214,0.011380280754311196,0.013822940565276573,1,flight_risk
U0812,0.15959769487380981,0.01086592251234949,0.013764596750388852,0,normal
U0081,0.2060619294643402,0.008686245827741036,0.01374851791585795,0,normal
U0726,0.14214974641799927,0.012324660027590157,0.013683145813363983,0,normal
U0328,0.1943969875574112,0.009122472623302956,0.01362159944103272,0,normal
U0809,0.15587292611598969,0.01128037626137181,0.013619773944583389,0,normal
U0973,0.12940113246440887,0.013451885294052474,0.01359521718854764,0,normal
U0461,0.17488208413124084,0.010143856170904247,0.013510219337010413,0,normal
U0686,0.17563395202159882,0.009906778781032698,0.013477724174726983,0,normal
U0539,0.15485508739948273,0.011079785414666298,0.013400522877899652,0,normal
U0833,0.15347309410572052,0.011145900706782837,0.013360180824162703,0,normal
U0503,0.1425037533044815,0.012097507160962702,0.013353583183515467,0,normal
U0001,0.1667724996805191,0.010412255020804555,0.01333813904769804,0,normal
U0826,0.10353866219520569,0.015331737678364456,0.012993654974119204,1,email_exfil
U0420,0.15307128429412842,0.01098636183504947,0.012917356041627269,0,normal
U0086,0.1180214211344719,0.014011684796201495,0.012915645499973642,0,normal
U0245,0.14025652408599854,0.01194586993517147,0.012869653656887668,0,normal
U0107,0.18713009357452393,0.008826835934226021,0.012687460259821837,0,normal
U0843,0.13985617458820343,0.011708681372238062,0.012684263575237751,0,normal
U0312,0.16246093809604645,0.010150927550519986,0.012667201837531214,0,normal
U0485,0.13412120938301086,0.012013005200836906,0.012583864795089298,0,normal
U0168,0.17715278267860413,0.009219623916887016,0.012545477336140557,0,normal
U0878,0.16083811223506927,0.009978725099051084,0.012535132910808502,0,normal
U0348,0.1439351737499237,0.010968205586294293,0.012530626734986373,0,normal
U0022,0.14976103603839874,0.01076483668086136,0.012487684170049229,0,normal
U0291,0.17908404767513275,0.008944138323647384,0.01240712146774567,0,normal
U0005,0.16374421119689941,0.00962949451357298,0.012314998492436429,0,normal
U0914,0.15228238701820374,0.009806534801983692,0.01222369910816486,1,cloud_exfil
U0263,0.14256912469863892,0.011019687764297618,0.012067596442523608,0,normal
U0251,0.12932506203651428,0.011130953451541152,0.01195747846402292,1,flight_risk
U0295,0.15250054001808167,0.010064261982830659,0.011888551409094505,0,normal
U0292,0.16471153497695923,0.009310121532358077,0.011878319150933524,0,normal
U0083,0.1807936131954193,0.008508440223863545,0.011815688749067974,0,normal
U0026,0.11669214814901352,0.012147409360005586,0.011774699903107208,1,sabotage
U0516,0.14854899048805237,0.010044065944086588,0.011653172563807115,0,normal
U0776,0.16942209005355835,0.009022981877819802,0.011642174834562341,0,normal
U0365,0.1758454442024231,0.008561009810093844,0.011464895817294192,0,normal
U0871,0.16013476252555847,0.00920513769445582,0.011418039327436394,0,normal
U0575,0.13518723845481873,0.010161466094992331,0.011410813686352229,1,flight_risk
U0478,0.12639085948467255,0.011525750720680348,0.011377577621044455,0,normal
U0922,0.15131956338882446,0.009654653758949175,0.01131637702164461,0,normal
U0769,0.15929296612739563,0.009151513293788108,0.011291851011050508,0,normal
U0105,0.08684438467025757,0.015590292371143732,0.011164787421217508,1,email_exfil
U0090,0.11893180012702942,0.011383248916696143,0.011163970528073306,1,usb_exfil
U0785,0.14417439699172974,0.00996604056664315,0.011129775890964618,0,normal
U0695,0.15568529069423676,0.009286061960156692,0.011104657414982393,0,normal
U0556,0.1160791888833046,0.012296438372557835,0.011056287607106174,0,normal
U0872,0.1046861931681633,0.013428538070307755,0.010979512552407103,0,normal
U0396,0.14477095007896423,0.009592982778522422,0.01093530584371581,0,normal
U0605,0.12338396906852722,0.010739491202250118,0.010926898265866266,1,cloud_exfil
U0921,0.13627421855926514,0.01043708906472294,0.010924940884850541,0,normal
U0886,0.14924876391887665,0.009482769219257572,0.010871060936293019,0,normal
U0701,0.17813938856124878,0.00783844014088686,0.010815963889998769,0,normal
U0262,0.13221929967403412,0.010277875803441304,0.010613610247140713,0,normal
U0009,0.1490849405527115,0.009072666904177792,0.010564128138492553,0,normal
U0177,0.13882948458194733,0.00986112918113669,0.01051560744535958,0,normal
U0416,0.13426949083805084,0.01006887760314233,0.0104721059831702,0,normal
U0652,0.12842728197574615,0.010588375869886832,0.010445101070915626,0,normal
U0296,0.10974601656198502,0.012488177344721896,0.01043762813332245,0,normal
U0068,0.11855094879865646,0.011363045712217475,0.010434590572755923,0,normal
U0465,0.12568533420562744,0.010786398609956975,0.01041326871815714,0,normal
U0073,0.13987533748149872,0.009451557065619603,0.010409751277470791,0,normal
U0956,0.16319619119167328,0.007964358893065793,0.010398024293054947,0,normal
U0988,0.12219085544347763,0.010765058340006538,0.010357404504503913,0,normal
U0299,0.15394017100334167,0.008606568830904522,0.010347773846690498,0,normal
U0287,0.1366511732339859,0.009775128659885012,0.01034692907622105,0,normal
U0303,0.14291539788246155,0.009400690663361752,0.010319645785516841,0,normal
U0543,0.14775767922401428,0.008877638106301287,0.010245010689617183,0,normal
U0149,0.13492000102996826,0.00987899912231993,0.01023800384930469,0,normal
U0357,0.1391083002090454,0.009473069751766398,0.010207500367026162,0,normal
U0388,0.11302841454744339,0.011749845306254983,0.010201071474815065,0,normal
U0777,0.12448837608098984,0.010476707086954626,0.010186348281953793,0,normal
U0163,0.13026146590709686,0.009944473472799354,0.010117254442001325,0,normal
U0572,0.12912140786647797,0.010129818891352628,0.010046757952192674,0,normal
U0909,0.15445350110530853,0.008441598990060584,0.010014942971094839,0,normal
U0650,0.11020580679178238,0.011722379489007532,0.010006815214198425,0,normal
U0943,0.14736561477184296,0.008721525563426742,0.009955526746542542,0,normal
U0634,0.1640617698431015,0.0077298004146944205,0.009904683222781988,0,normal
U0752,0.12277034670114517,0.010401357252870487,0.009891430883748956,0,normal
U0093,0.12708111107349396,0.010115233389168973,0.009873767959028688,0,normal
U0599,0.10496541857719421,0.012243069569558814,0.009871032120606171,0,normal
U0285,0.11688386648893356,0.010181386960022779,0.009813320199283698,1,cloud_exfil
U0782,0.12527403235435486,0.009481177853894665,0.009794399326270218,1,sabotage
U0502,0.13384079933166504,0.009419241454876708,0.009765176036606215,0,normal
U0103,0.09089300781488419,0.01397984766850772,0.009760204565899823,0,normal
U0722,0.12508980929851532,0.010240811031280888,0.00975596603354232,0,normal
U0371,0.14620636403560638,0.008595744927758157,0.009734763873661035,0,normal
U0409,0.11187684535980225,0.01123081898037223,0.009732563912737358,0,normal
U0154,0.10188096016645432,0.012524981241807022,0.009718161457827184,0,normal
U0078,0.11326572299003601,0.011113125129919793,0.009668535845610601,0,normal
U0260,0.1090882271528244,0.011525532201052926,0.00965750358715918,0,normal
U0497,0.1312374621629715,0.009265341843576807,0.00957447821781772,0,normal
U0675,0.1510036587715149,0.008300973386040227,0.009546199111175014,0,normal
U0039,0.09410303831100464,0.012872296579160085,0.009537960683594422,0,normal
U0807,0.11635163426399231,0.010469747930464386,0.00951422967101374,0,normal
U0937,0.11490557342767715,0.010870355206101334,0.009512591052214567,0,normal
U0434,0.0868634432554245,0.014123297624458677,0.009423216251976627,0,normal
U0283,0.12322574108839035,0.009855696673927621,0.009407286977696758,0,normal
U0431,0.11997852474451065,0.00994363100669607,0.009241110060197576,0,normal
U0768,0.1230219230055809,0.00964577121644652,0.00919168417092064,0,normal
U0669,0.11276711523532867,0.010534437176917238,0.00912472561694393,0,normal
U0030,0.11254667490720749,0.010550020380524999,0.009120359830079949,0,normal
U0806,0.11527444422245026,0.01020581218001458,0.00911289222073682,0,normal
U0330,0.13728034496307373,0.008569198899193253,0.009112220289486165,0,normal
U0441,0.12080097198486328,0.009777619818175666,0.009072554404484259,0,normal
U0526,0.10789459198713303,0.011025515213885166,0.009059673921086073,0,normal
U0860,0.11993855983018875,0.00981287310417629,0.009040262024195405,0,normal
U0627,0.12578728795051575,0.009251837550444246,0.00901447372735591,0,normal
U0376,0.10483736544847488,0.01106135327819781,0.00898255710639716,0,normal
U0784,0.11736568808555603,0.010019333280650794,0.008955585183692855,0,normal
U0211,0.13883551955223083,0.008444758079349413,0.008928978953315327,0,normal
U0537,0.10324173420667648,0.0110657765040354,0.008922819403431773,0,normal
U0598,0.120304636657238,0.009438530164596046,0.008868530243983002,0,normal
U0301,0.1061762273311615,0.010867373140784306,0.008862941339592508,0,normal
U0272,0.12691225111484528,0.008983323661845826,0.008757226862325,0,normal
U0926,0.1262185126543045,0.008797591830210833,0.00874344760101859,0,normal
U0225,0.10796935856342316,0.010515904539037581,0.00872113806959577,0,normal
U0355,0.10032717883586884,0.011086655472220135,0.008687284998166506,0,normal
U0270,0.11548196524381638,0.009597052772111663,0.008584750428302384,0,normal
U0617,0.10007429122924805,0.010397088703167115,0.008580028461065889,1,cloud_exfil
U0684,0.12105168402194977,0.009225601226751801,0.008578108198307044,0,normal
U0338,0.08831924200057983,0.012566198888515023,0.008524820987446838,0,normal
U0204,0.10718199610710144,0.009699485306847142,0.008509576202764511,1,usb_exfil
U0171,0.10006629675626755,0.010782396829527122,0.008495696393167235,0,normal
U0450,0.09915368258953094,0.011054671127173303,0.008490442024353792,0,normal
U0803,0.11035091429948807,0.010001958698860293,0.00847787479662937,0,normal
U0381,0.09503602236509323,0.011345905364876552,0.008421555699996435,0,normal
U0462,0.1073012426495552,0.010127381103438892,0.008417391556166168,0,normal
U0239,0.1155567392706871,0.008875935649325244,0.008395505005499671,1,flight_risk
U0411,0.11183320730924606,0.009745604005126429,0.008371543665647962,0,normal
U0954,0.09770738333463669,0.01114365026389073,0.008363361363714562,0,normal
U0802,0.13881660997867584,0.007812369231001959,0.008330099732604306,0,normal
U0106,0.1408800184726715,0.007564955653341728,0.008323782122356328,0,normal
U0501,0.0881485864520073,0.012392114864124339,0.008319070015331593,0,normal
U0087,0.1327294409275055,0.008098802188999391,0.008256843679156984,0,normal
U0215,0.09362474083900452,0.011273981637544716,0.008243902925407262,0,normal
U0912,0.11392884701490402,0.009408745584319842,0.008233631637306024,0,normal
U0165,0.09993252903223038,0.010687545566362764,0.008203720651378268,0,normal
U0804,0.11309964209794998,0.009378519147888918,0.00814744628435554,0,normal
U0094,0.09513556212186813,0.011046694237832829,0.008140495622841328,0,normal
U0367,0.1313345730304718,0.008036340007125426,0.008107059776534874,0,normal
U0415,0.10428240150213242,0.010095196200564961,0.008086336197905377,0,normal
U0758,0.11477961391210556,0.008916182093432121,0.008058227676045025,0,normal
U0734,0.09855543822050095,0.009763687272555898,0.008050882235244904,1,flight_risk
U0053,0.1210375651717186,0.008378606799267021,0.008049376903921832,0,normal
U0580,0.11706002056598663,0.008794725119923897,0.007974555618102227,0,normal
U0668,0.10954156517982483,0.009460922580262638,0.007960464986451627,0,normal
U0798,0.09699128568172455,0.010578720995439047,0.00794770071413266,0,normal
U0281,0.10593724250793457,0.009589343749527244,0.007934187671692955,0,normal
U0559,0.09868624061346054,0.00967103373963637,0.007927824890942016,1,flight_risk
U0511,0.11253321915864944,0.009186155979671968,0.007872787963026444,0,normal
U0721,0.1274319887161255,0.007971698835678847,0.007868735896357561,0,normal
U0214,0.10247094184160233,0.009886193753679133,0.007847032852543123,0,normal
U0309,0.11401909589767456,0.00894440249404952,0.007833483497428193,0,normal
U0043,0.11515280604362488,0.00874177650472916,0.007797400641896927,0,normal
U0407,0.12164343893527985,0.008331145084096117,0.007784296916405389,0,normal
U0443,0.11050334572792053,0.00908706499707345,0.00777812085874574,0,normal
U0787,0.12309610843658447,0.008258598702756727,0.007742205307906236,0,normal
U0808,0.09799008071422577,0.01013806124083203,0.007695071347887678,0,normal
U0531,0.09582336992025375,0.010509977424143127,0.007669856172569172,0,normal
U0259,0.12200340628623962,0.008236784374589504,0.007653210346661128,0,normal
U0064,0.09376223385334015,0.010516973337322119,0.007638258355401636,0,normal
U0517,0.08716527372598648,0.011287686093131319,0.007621212074182593,0,normal
U0483,0.10436761379241943,0.009256234632858658,0.007606694136083507,0,normal
U0854,0.09078529477119446,0.01096273298067421,0.00757963584473927,0,normal
U0533,0.08577752113342285,0.011468441682597847,0.007556208062462119,0,normal
U0471,0.10083688795566559,0.009376756318645329,0.007504855565626683,0,normal
U0544,0.0867723822593689,0.011345239612361294,0.007497374249132644,0,normal
U0099,0.11221905797719955,0.008755061279551793,0.007482380778507379,0,normal
U0952,0.11879558116197586,0.008119261700327722,0.0074712359394040265,0,normal
U0010,0.07276347279548645,0.013224161820805118,0.007453447532896245,0,normal
U0759,0.07646572589874268,0.011819937125049846,0.007453091249658994,1,email_exfil
U0908,0.10090377181768417,0.009687780374124173,0.007444673950854978,0,normal
U0666,0.09113268554210663,0.00987621903431258,0.007421972450143315,1,email_exfil
U0715,0.1040528416633606,0.008576414708160094,0.007412833807239016,1,sabotage
U0553,0.09392642229795456,0.010176653918521576,0.007404034110814383,0,normal
U0423,0.0999080017209053,0.009638745991739186,0.007396850037956694,0,normal
U0297,0.10060656070709229,0.009419453308479299,0.007279105370554401,0,normal
U0936,0.08886461704969406,0.010558299790717799,0.007267725035663661,0,normal
U0006,0.09215348213911057,0.010260454417236314,0.007262804456650053,0,normal
U1000,0.08191157877445221,0.011297306992509831,0.0072274508105877764,0,normal
U0950,0.07908961176872253,0.011601029060095185,0.007224566668970496,0,normal
U0116,0.08563380688428879,0.010860419779570899,0.007203896895116762,0,normal
U0153,0.11097311973571777,0.008446311644622104,0.007199642015608359,0,normal
U0061,0.0849011018872261,0.011018909519068183,0.007185846726241762,0,normal
U0654,0.1121312603354454,0.008117537565088043,0.007167155966641511,0,normal
U0819,0.10745874792337418,0.008608867768532017,0.007165779468302412,0,normal
U0294,0.10093332827091217,0.009089018868698092,0.007165005314215872,0,normal
U0984,0.11595423519611359,0.008029238159697338,0.00715133234467481,0,normal
U0693,0.09783641248941422,0.008857681404256154,0.007146197771455616,1,usb_exfil
U0602,0.10899172723293304,0.008501266385182062,0.007117101602645285,0,normal
U0427,0.11717857420444489,0.007894088820702857,0.007105198635461807,0,normal
U0331,0.08501982688903809,0.010841750957466903,0.007080202012855533,0,normal
U0188,0.10153944045305252,0.008783280883212459,0.006965566692118736,0,normal
U0906,0.09482438862323761,0.0096386827150467,0.0069606810243950335,0,normal
U0985,0.10907608270645142,0.008305304043229409,0.006958426980428096,0,normal
U0569,0.10609529167413712,0.00853199519699848,0.006953007841975286,0,normal
U0358,0.1118599995970726,0.008001607571979244,0.006933103551715582,0,normal
U0672,0.07709622383117676,0.011494674287174258,0.00692141187894389,0,normal
U0688,0.09229104220867157,0.009845093005827917,0.006919797258675461,0,normal
U0975,0.09174269437789917,0.009737043694002523,0.0069194923699159375,0,normal
U0613,0.08438291400671005,0.010670299308943774,0.00691603410942644,0,normal
U0326,0.10984563827514648,0.00798853271046409,0.006909485015408667,0,normal
U0254,0.0920446589589119,0.009772757161287653,0.0069094218026870356,0,normal
U0692,0.10303189605474472,0.008780954491624898,0.006890129986312781,0,normal
U0660,0.11812876164913177,0.0074534212718832035,0.00687663917894836,0,normal
U0401,0.0980692058801651,0.009200546984010512,0.006871638477522232,0,normal
U0747,0.0833553746342659,0.010722704285306741,0.006865369915613189,0,normal
U0542,0.08426687866449356,0.010430982277985076,0.006865102605055099,0,normal
U0402,0.10902703553438187,0.008123685038871524,0.006860612749113575,0,normal
U0496,0.1052846610546112,0.008402263823381873,0.006852310632338098,0,normal
U0249,0.09478353708982468,0.009441694072032486,0.006815486041139568,0,normal
U0065,0.1339147537946701,0.006615765113187759,0.006805099986022634,0,normal
U0172,0.11264083534479141,0.007783985663212723,0.006734787477754603,0,normal
U0823,0.10998217016458511,0.007826359397976837,0.006722750441346368,0,normal
U0080,0.10441290587186813,0.008235572897381301,0.0067160344596483065,0,normal
U0302,0.09653665870428085,0.009037220008984428,0.00670120839839678,0,normal
U0691,0.09216365218162537,0.009458853310740896,0.006696134563231314,0,normal
U0085,0.09870428591966629,0.008684662077790622,0.006695050436180525,0,normal
U0834,0.08856118470430374,0.009732913109859057,0.006676700403144506,0,normal
U0789,0.09043937176465988,0.00944750597373655,0.006673284333821701,0,normal
U0066,0.09574001282453537,0.00879013886061887,0.006626513115564326,0,normal
U0492,0.09118485450744629,0.009533622413355574,0.006620558899954826,0,normal
U0156,0.09492767602205276,0.009042417658183617,0.006593308811367027,0,normal
U0685,0.10853736847639084,0.007704602562945007,0.006584538985045685,0,normal
U0384,0.09290365874767303,0.009049836270859684,0.006566568172161842,0,normal
U0220,0.11409395933151245,0.007283264942862667,0.006543115773343731,0,normal
U0102,0.09143340587615967,0.009082561180929911,0.006538965924418098,0,normal
U0641,0.07916895300149918,0.010739994293860453,0.006531079314522021,0,normal
U0012,0.10461558401584625,0.00812144178855298,0.006526127066884481,0,normal
U0275,0.09787432104349136,0.008597183276075763,0.006517793138896529,0,normal
U0354,0.07601233571767807,0.011132094579362867,0.006499605104862669,0,normal
U0007,0.09242413192987442,0.008505808760764462,0.006482692931872656,1,email_exfil
U0718,0.12505194544792175,0.0066860575705504745,0.0064764376593012445,0,normal
U0321,0.07683262974023819,0.011043835853084162,0.0064621887331177625,0,normal
U0552,0.10016823559999466,0.008397286062841824,0.006460929140633083,0,normal
U0698,0.11994369328022003,0.006945096911948667,0.0064525496188144104,0,normal
U0231,0.09815150499343872,0.00860903468719012,0.006435249916438966,0,normal
U0197,0.09081866592168808,0.009201906067496797,0.0064191706243693905,0,normal
U0437,0.09119158983230591,0.009086813895639997,0.006418625629762695,0,normal
U0113,0.07265964150428772,0.011576789195592792,0.00640612447084842,0,normal
U0279,0.09551151096820831,0.008517456227730796,0.0063537561548087295,0,normal
U0945,0.09701653569936752,0.00843009178129795,0.006335103152845603,0,normal
U0647,0.10815302282571793,0.007553055795960972,0.006327570321502281,0,normal
U0359,0.10050392895936966,0.008048385977179082,0.006317667322977054,0,normal
U0318,0.09409616887569427,0.008715387508253394,0.006299189144569477,0,normal
U0344,0.08676625043153763,0.009278636810411866,0.006287817428676935,0,normal
U0448,0.10334820300340652,0.00783118384753531,0.006269111217516193,0,normal
U0100,0.07515716552734375,0.010843421252148046,0.0062598327291519245,0,normal
U0970,0.08144914358854294,0.009885798424833562,0.006236973491095451,0,normal
U0608,0.1067652776837349,0.007536674275926695,0.006232831772972582,0,normal
U0250,0.08138832449913025,0.00993669684674202,0.006211981506867705,0,normal
U0723,0.07778314501047134,0.010315195085579836,0.006162954349246683,0,normal
U0096,0.0890817940235138,0.008326931860032662,0.006161671075045526,1,usb_exfil
U0074,0.11367104947566986,0.0070468513935043895,0.006152774359689643,0,normal
U0839,0.10763990879058838,0.0075050829445745225,0.006152375218987493,0,normal
U0054,0.10445854067802429,0.007476963972845484,0.0061498579863973725,0,normal
U0856,0.11942305415868759,0.006758644105965341,0.006146979272281931,0,normal
U0625,0.08853024989366531,0.00895209797303475,0.006138922374154437,0,normal
U0509,0.10678107291460037,0.007469055311333759,0.006126126517182317,0,normal
U0082,0.10713095217943192,0.007414498164353525,0.00610130495981215,0,normal
U0184,0.08662060648202896,0.009091164246554703,0.006099810587376583,0,normal
U0155,0.0851752758026123,0.00915873442103229,0.006092758045362809,0,normal
U0822,0.08169987052679062,0.0097031711027824,0.006089211568206341,0,normal
U0594,0.0801432728767395,0.009787322244929323,0.006075843611690648,0,normal
U0549,0.10421847552061081,0.007482831659558542,0.006040686765928496,0,normal
U0438,0.09036567807197571,0.008603290809604935,0.006022041445814503,0,normal
U0725,0.08432690054178238,0.009255553171218924,0.005995073665248794,0,normal
U0898,0.07598193734884262,0.010073816569856122,0.005978184565850877,0,normal
U0018,0.08245542645454407,0.009412774377778987,0.005961600873629649,0,normal
U0745,0.09223593771457672,0.008402591673626555,0.005953048661447028,0,normal
U0903,0.08513659238815308,0.009013820124967728,0.005944300772098467,0,normal
U0624,0.08002617210149765,0.009492138351877052,0.005932817933056907,0,normal
U0895,0.08490484952926636,0.00908798583209241,0.005926880129687583,0,normal
U0829,0.09123700857162476,0.00791375807680604,0.0059100507274268636,1,cloud_exfil
U0590,0.07936720550060272,0.009683386723836675,0.005903293439221992,0,normal
U0635,0.09408336877822876,0.00787621743051392,0.0058816723952343315,0,normal
U0164,0.06854911148548126,0.010378779833150902,0.005866817592338002,1,email_exfil
U0969,0.0770443007349968,0.009992854633944443,0.005863326577771056,0,normal
U0554,0.10812809318304062,0.006963393523486635,0.005832236261860401,0,normal
U0329,0.0753454640507698,0.00993023873898456,0.005795520241441699,0,normal
U0433,0.08381549268960953,0.008442583817128054,0.005792113780448668,1,sabotage
U0899,0.07306253910064697,0.01011990764548828,0.00577479042312602,0,normal
U0253,0.09623254835605621,0.0077189401552118396,0.005753806939071817,0,normal
U0849,0.07473134994506836,0.010079561064959965,0.005736651196997575,0,normal
U0056,0.07917404919862747,0.0094287022452128,0.00573404086275554,0,normal
U0045,0.08216137439012527,0.009160860038704265,0.005732155195927155,0,normal
U0115,0.08261651545763016,0.008392994132144756,0.005717922299870478,1,sabotage
U0126,0.08804042637348175,0.00845069669172147,0.005714795018154178,0,normal
U0144,0.11188051104545593,0.006537085047877225,0.0057122011742821634,0,normal
U0486,0.07259687036275864,0.010137300892030037,0.005700538212287751,0,normal
U0630,0.0902688056230545,0.00813040731427653,0.005684936586732616,0,normal
U0063,0.10738825798034668,0.0068315788141385765,0.005682683986938798,0,normal
U0877,0.08314899355173111,0.00867802657834208,0.005681641373502204,0,normal
U0532,0.08086567372083664,0.009062056647799466,0.005676316554562159,0,normal
U0545,0.0947660282254219,0.007727280828517754,0.005672245251078787,0,normal
U0901,0.10894395411014557,0.006767807341839602,0.005663398571513375,0,normal
U0132,0.08318636566400528,0.00878746333014764,0.005614895557029209,0,normal
U0570,0.06692080944776535,0.010817487340743052,0.005607421548112518,0,normal
U0157,0.08614713698625565,0.008376153990762228,0.005589347699881807,0,normal
U0911,0.09505251795053482,0.007587533472587893,0.005586500873878171,0,normal
U0055,0.10217633098363876,0.0071695947188988515,0.0055790327028331504,0,normal
U0704,0.08755900710821152,0.008282627957819618,0.005570510381949659,0,normal
U0649,0.09274479746818542,0.007806192671856776,0.005561024766968277,0,normal
U0640,0.09743577986955643,0.007302984750360159,0.00555755509584234,0,normal
U0439,0.0819878801703453,0.008807827309188894,0.005546824875839392,0,normal
U0183,0.09840409457683563,0.007274848756621092,0.005545143170675373,0,normal
U0832,0.07359905540943146,0.009695484067143904,0.0055273550539101796,0,normal
U0680,0.08243762701749802,0.00863777326546445,0.005515728835374696,0,normal
U0201,0.07896163314580917,0.009121897887899093,0.005485488707071268,0,normal
U0923,0.07350946962833405,0.00963279404925667,0.005484931265918549,0,normal
U0333,0.08000320941209793,0.00877193797276547,0.005481101936823934,0,normal
U0394,0.07213421911001205,0.00988467530100741,0.0054768361500405925,0,normal
U0953,0.08866989612579346,0.007897792650525292,0.005469490152463552,0,normal
U0368,0.0862821713089943,0.008088715064293523,0.005450866181781309,0,normal
U0337,0.09555095434188843,0.007397639525753236,0.005429429520822339,0,normal
U0076,0.07489069551229477,0.009418057437723277,0.005417703140551867,0,normal
U0790,0.07603096961975098,0.009087564062480449,0.005396385069005984,0,normal
U0674,0.07934517413377762,0.008634702143704313,0.005350973450341757,0,normal
U0830,0.07643220573663712,0.009084419457676256,0.005333343767575518,0,normal
U0801,0.09138734638690948,0.007550138137197969,0.005299891396393643,0,normal
U0737,0.08301474899053574,0.00829505745916685,0.005289330002431897,0,normal
U0994,0.09248736500740051,0.0075006743785994085,0.005283195910106657,0,normal
U0915,0.09222529083490372,0.007246966722866711,0.005262621616797666,0,normal
U0121,0.09303706139326096,0.007323480826001334,0.005233588099691651,0,normal
U0562,0.07521253824234009,0.008898436251818149,0.005227196861073652,0,normal
U0796,0.07599044591188431,0.00900816340156041,0.005213258321189752,0,normal
U0814,0.09016450494527817,0.007388276271212309,0.0052028780515577825,0,normal
U0072,0.0696771964430809,0.009639290553511396,0.005202491320753886,0,normal
U0998,0.10416267812252045,0.006527447472700291,0.005178089109974597,0,normal
U0335,0.07809515297412872,0.00868927002733048,0.005167986497225445,0,normal
U0025,0.09111050516366959,0.007260953258932592,0.005166863795320995,0,normal
U0135,0.09775609523057938,0.006868386470880407,0.005157325895649482,0,normal
U0818,0.09090569615364075,0.007383916290922632,0.005155892661744446,0,normal
U0791,0.09044521301984787,0.0073958546822280105,0.0051380693421460445,0,normal
U0573,0.08541790395975113,0.007898081001681491,0.005137886315049729,0,normal
U0707,0.07911819219589233,0.008371864299997847,0.005130670928707524,0,normal
U0170,0.07485967129468918,0.008995013844006625,0.005128185763548106,0,normal
U0644,0.08960167318582535,0.007449093664398156,0.0051267903773027,0,normal
U0364,0.06414575129747391,0.010395642011952972,0.005122066557377748,0,normal
U0403,0.07017216831445694,0.009491954531683205,0.005116188667777972,0,normal
U0755,0.07631314545869827,0.00815274646885985,0.00509261321801109,1,usb_exfil
U0451,0.07775116711854935,0.00845389798423734,0.005091427276230817,0,normal
U0667,0.07150913029909134,0.009108017333397929,0.005044997667481225,0,normal
U0023,0.07934574782848358,0.008268693416551025,0.005039489598291039,0,normal
U0123,0.09646433591842651,0.006821395911170557,0.0050113418838414105,0,normal
U0230,0.07974136620759964,0.008045258679863228,0.005010586941528674,0,normal
U0735,0.07168769836425781,0.009008424911500394,0.005002292987588701,0,normal
U0793,0.07117102295160294,0.008982431566311745,0.004993005480157175,0,normal
U0504,0.09984523802995682,0.00648430775991613,0.004972983081820883,0,normal
U0234,0.07876381278038025,0.008143021503034713,0.004968072649419195,0,normal
U0369,0.06855535507202148,0.009390658909350643,0.004944967670753469,0,normal
U0311,0.08531811833381653,0.007600480549207344,0.00493851431927867,0,normal
U0362,0.07782737165689468,0.008171662284828093,0.004926272133228162,0,normal
U0124,0.0795992761850357,0.007974181219761789,0.004916667564937292,0,normal
U0661,0.06364927440881729,0.009929121195311079,0.004895306561679028,0,normal
U0851,0.06860724091529846,0.009276573688666913,0.004888589367036292,0,normal
U0449,0.06974795460700989,0.009017705710008764,0.004871953780567955,0,normal
U0536,0.08404237776994705,0.007610139746644947,0.004870852292156124,0,normal
U0764,0.062325913459062576,0.010087853013228587,0.004870157687400679,0,normal
U0410,0.0685066431760788,0.008990804555361548,0.0048498364063769275,0,normal
U0730,0.09520911425352097,0.0066719309611457,0.004837757171043958,0,normal
U0038,0.08222811669111252,0.007502042781078537,0.004817977832227324,0,normal
U0546,0.06462819129228592,0.009463139665439808,0.004815629834155561,0,normal
U0052,0.07035423815250397,0.008902519503956112,0.0048109318421973345,0,normal
U0736,0.0802706852555275,0.007801966117228263,0.004810464745822829,0,normal
U0710,0.07715661078691483,0.00817020080269466,0.004800869155115231,0,normal
U0679,0.07880088686943054,0.007911659317987898,0.004788777831915889,0,normal
U0366,0.08586598187685013,0.007299791736421679,0.004773595408032994,0,normal
U0069,0.08522892743349075,0.007328693763971889,0.00475693913381325,0,normal
U0597,0.10924071818590164,0.005621119141983637,0.004756450290550199,0,normal
U0477,0.07292543351650238,0.008392564572325985,0.004740774914651554,0,normal
U0237,0.07506853342056274,0.00801967884626353,0.004740353759583334,0,normal
U0535,0.08763512969017029,0.00691777832614699,0.004734888893711489,0,normal
U0582,0.058214250952005386,0.010306237908362126,0.004724167874001921,0,normal
U0742,0.05757619068026543,0.010579520241866192,0.004718288876825917,0,normal
U0138,0.08704521507024765,0.007055410085625118,0.0047172964554753226,0,normal
U0838,0.07755092531442642,0.007971740779017297,0.004708191825148361,0,normal
U0882,0.07050023972988129,0.008613202673852053,0.004703605456578464,0,normal
U0611,0.07131503522396088,0.008504272569617418,0.004697793227928461,0,normal
U0883,0.07485517114400864,0.00803251656909987,0.004696111017483273,0,normal
U0464,0.0787224993109703,0.007698012117043618,0.004694108128607631,0,normal
U0997,0.07592519372701645,0.008098679440740069,0.0046828917066698405,0,normal
U0314,0.07394913583993912,0.008168729205676566,0.004679109706953308,0,normal
U0645,0.0712917149066925,0.008443838536584859,0.0046238633162621594,0,normal
U0840,0.09775661677122116,0.006005285705755121,0.00462248682112196,0,normal
U0246,0.06562438607215881,0.00900375823662067,0.004614811817736007,0,normal
U0948,0.08614650368690491,0.006985689423061103,0.004583116809533726,0,normal
U0846,0.0602482445538044,0.00998663327643577,0.004582236458671051,0,normal
U0817,0.08592670410871506,0.006990023564800799,0.004574259413529643,0,normal
U0629,0.0779886469244957,0.007569189054653217,0.00457252789325441,0,normal
U0683,0.08366710692644119,0.007041422542537627,0.004563423594560414,0,normal
U0547,0.07313849031925201,0.008186598650479875,0.004559985776061612,0,normal
U0167,0.0787094235420227,0.00760616059126121,0.0045593845059045904,0,normal
U0445,0.06782171130180359,0.008672587340883334,0.004556097940227747,0,normal
U0175,0.06908661872148514,0.008423447787542452,0.004545155473354873,0,normal
U0141,0.0621752068400383,0.00941130092842665,0.004532549171158512,0,normal
U0972,0.07272699475288391,0.008176890936271837,0.004528953313753149,0,normal
U0749,0.06512025743722916,0.009046622332088021,0.004525104102681467,0,normal
U0027,0.06060633808374405,0.009731917216824067,0.004491903802428032,0,normal
U0513,0.06625442206859589,0.00887788243336876,0.004479589895219927,0,normal
U0307,0.07676947861909866,0.007373870752123748,0.004457383046902874,0,normal
U0733,0.061224907636642456,0.00946467553038723,0.00445102336898802,0,normal
U0989,0.08449794352054596,0.00679334370056767,0.004446367471899906,0,normal
U0491,0.0788634791970253,0.00713710092719887,0.004431937383010442,0,normal
U0861,0.08747560530900955,0.006594166395387179,0.004430705292786318,0,normal
U0207,0.09854315966367722,0.005823159276217867,0.0044076911772300085,0,normal
U0615,0.07726071774959564,0.00729936985307583,0.004404625872357771,0,normal
U0616,0.07035171240568161,0.008176096490396684,0.004380610883763716,0,normal
U0178,0.0778992548584938,0.00725939927330425,0.004380358061682256,0,normal
U0662,0.07230067253112793,0.007802343271858803,0.004369613412563599,0,normal
U0202,0.054978881031274796,0.01008976214225479,0.004367899824636036,0,normal
U0097,0.06114903464913368,0.009180268924477748,0.004348311358743379,0,normal
U0495,0.07082990556955338,0.00795345250976733,0.004327114237108295,0,normal
U0240,0.08676452934741974,0.006488284485601333,0.004324123655572209,0,normal
U0564,0.07570573687553406,0.007075431388479431,0.0043185543851981785,0,normal
U0601,0.06944180279970169,0.007880244174169737,0.004308801690846909,0,normal
U0955,0.06228318437933922,0.008992741306271755,0.004302183347525833,0,normal
U0119,0.07160530984401703,0.0077320368367570875,0.004252703930390008,0,normal
U0924,0.06727573275566101,0.008195111960926663,0.004234862693238378,0,normal
U0151,0.06439414620399475,0.008414219504987561,0.004231800097601911,0,normal
U0514,0.06538005918264389,0.008405762366439808,0.004221321438613339,0,normal
U0518,0.05620114877820015,0.009096867568914872,0.004215911848657947,1,usb_exfil
U0482,0.06529099494218826,0.008291015304230124,0.0041931136018763335,0,normal
U0967,0.06845679134130478,0.007773078826674816,0.004189917348007013,0,normal
U0959,0.07853270322084427,0.006822717141783899,0.00418478192171113,0,normal
U0583,0.08898192644119263,0.006114240666058045,0.004178980445354998,0,normal
U0995,0.07024990022182465,0.007732395439072237,0.004172398432233043,0,normal
U0987,0.06949307769536972,0.007678245113744592,0.004167431169309946,0,normal
U0821,0.07912944257259369,0.0066765635086672385,0.0041599387435302835,0,normal
U0588,0.0628637745976448,0.008609266265538268,0.004157120371393401,0,normal
U0195,0.09547288715839386,0.005640818417534428,0.0041366443286216525,0,normal
U0340,0.08886753022670746,0.006056236506553627,0.004134014001280939,0,normal
U0772,0.0662684217095375,0.008098998041980126,0.004122530971548811,0,normal
U0874,0.06429620087146759,0.008104673615123384,0.004103143320123411,0,normal
U0933,0.06849322468042374,0.007606686433892066,0.004102409149475252,0,normal
U0778,0.07213763147592545,0.006836950730820573,0.004096838786261796,1,flight_risk
U0565,0.06563815474510193,0.008194588244323156,0.00409635415065995,0,normal
U0770,0.06804423779249191,0.007635659524055943,0.00409104025822422,0,normal
U0060,0.06371184438467026,0.00839353801310263,0.0040726701356582655,0,normal
U0783,0.07503058016300201,0.006830300860547104,0.004067695295601421,0,normal
U0880,0.06658820062875748,0.007948897393869747,0.004065651755227983,0,normal
U0648,0.06645549833774567,0.007960114141083148,0.004063275036911053,0,normal
U0428,0.07188910990953445,0.007353388725333308,0.004060473094831262,0,normal
U0268,0.0688457190990448,0.007689398839610131,0.004031654664763229,0,normal
U0858,0.06597539782524109,0.007820767071287442,0.004029918716366397,0,normal
U0566,0.07754119485616684,0.006708448801443486,0.0040293057511186885,0,normal
U0728,0.07607949525117874,0.006910567372486788,0.004004011579232618,0,normal
U0180,0.06224573403596878,0.008437899585187788,0.0039999811278318516,0,normal
U0947,0.07058316469192505,0.007306015604427074,0.003994453292607316,0,normal
U0739,0.07880507409572601,0.006478745943630688,0.003987585876840984,0,normal
U0890,0.07617060095071793,0.006738297400549224,0.003975696122373726,0,normal
U0525,0.06268026679754257,0.008302560164385544,0.003963299244921963,0,normal
U0400,0.07404681295156479,0.00678817424714988,0.003957812331641073,0,normal
U0375,0.06660743057727814,0.0077796379430506496,0.003946354210701082,0,normal
U0404,0.07568366080522537,0.0067078257767548164,0.00393241668332186,0,normal
U0092,0.05987930670380592,0.008475175531119324,0.003930982317495151,0,normal
U0447,0.07131219655275345,0.007110874870628929,0.003927918566442255,0,normal
U0146,0.08171841502189636,0.006204246797945719,0.003927214522334129,0,normal
U0176,0.06224142014980316,0.008142349408687247,0.00392558923122307,0,normal
U0474,0.0769553855061531,0.006573727444626579,0.003918558520596267,0,normal
U0484,0.06761764734983444,0.007539163831806637,0.003915698483466196,0,normal
U0238,0.06246526911854744,0.008056252425653915,0.003865428876116387,0,normal
U0990,0.05297213792800903,0.009379319077524428,0.003848526105840029,0,normal
U0209,0.08868695795536041,0.0056474814448108646,0.003847162908701133,0,normal
U0541,0.06457211077213287,0.007815534968274121,0.003843418625605491,0,normal
U0334,0.06276500225067139,0.007834285702025883,0.003840447845790734,0,normal
U0288,0.05691542103886604,0.008758905849255547,0.0038291803080186676,0,normal
U0716,0.07740277051925659,0.006438575726336902,0.003828003442550628,0,normal
U0142,0.08449403941631317,0.005932555303937486,0.003817524783617147,0,normal
U0044,0.06330960988998413,0.00783361283641679,0.0038094102559608073,0,normal
U0930,0.07433179765939713,0.006584167610944292,0.003790976910020957,0,normal
U0600,0.06696438789367676,0.007424821038825783,0.0037865516963379057,0,normal
U0458,0.053940922021865845,0.009126710019661574,0.0037814522740670306,0,normal
U0978,0.057615067809820175,0.008543117412901372,0.003780754331097126,0,normal
U0233,0.05828259512782097,0.008434453066880544,0.003775911554356684,0,normal
U0670,0.08344319462776184,0.005890396344658272,0.003775386743148765,0,normal
U0145,0.06303928047418594,0.007792342839419982,0.0037731607254750396,0,normal
U0717,0.07968360930681229,0.006101990905259906,0.0037663109997458713,0,normal
U0199,0.09580925852060318,0.005107936857020292,0.003759057811868928,0,normal
U0678,0.05571599304676056,0.008637814333656211,0.0037587951503147247,0,normal
U0557,0.06055786460638046,0.00807598752586057,0.0037565761589780752,0,normal
U0205,0.0745200365781784,0.006542093644754258,0.003744689574803836,0,normal
U0406,0.06535957753658295,0.007386935362447862,0.0037398067439594475,0,normal
U0070,0.052170298993587494,0.00922311777280053,0.0037271485739637255,0,normal
U0965,0.06180855631828308,0.007874306570337612,0.003706593123583596,0,normal
U0589,0.07009753584861755,0.00681766403547878,0.003701808707223993,0,normal
U0626,0.06788577139377594,0.007024647129179125,0.0036938469379196215,0,normal
U0128,0.05925923213362694,0.008039516792594743,0.003690299306252551,0,normal
U0363,0.05716915801167488,0.008323461003222595,0.003685881513768038,0,normal
U0868,0.06842363625764847,0.007006230703961336,0.0036822781419197114,0,normal
U0510,0.08331593871116638,0.00560239075409094,0.00367533840893833,0,normal
U0446,0.06552596390247345,0.0072066954543894704,0.003657844281692044,0,normal
U0816,0.05290265381336212,0.008921077118156973,0.0036556985576995777,0,normal
U0189,0.07348238676786423,0.006359922757494997,0.0036500600774161526,0,normal
U0512,0.06684666126966476,0.007030316971967447,0.0036402419677612134,0,normal
U0062,0.07314398884773254,0.006384939935984827,0.00361752117469166,0,normal
U0913,0.07244027405977249,0.006432270213734389,0.0036092751410799102,0,normal
U0708,0.06068110838532448,0.007549973926663531,0.003607404157552979,0,normal
U0753,0.0632040724158287,0.007362914496449473,0.0036047109379970838,0,normal
U0558,0.054316118359565735,0.00871094116071398,0.003603361242887649,0,normal
U0949,0.07077407836914062,0.0066829594570349555,0.0036021106205457298,0,normal
U0771,0.06435851007699966,0.007270873229701915,0.003594335066611651,0,normal
U0084,0.06350667774677277,0.007355630243885367,0.003588106206615781,0,normal
U0940,0.07032888382673264,0.0065177122746042345,0.003580089030730434,0,normal
U0811,0.06178600713610649,0.007480342253347772,0.0035800346027703707,0,normal
U0466,0.08203604817390442,0.005582562120462772,0.0035768704711339446,0,normal
U0920,0.05714775249361992,0.008054695140180002,0.0035655283005540574,0,normal
U0865,0.06221822276711464,0.007512004955060547,0.0035594874336502763,0,normal
U0632,0.06838784366846085,0.006676731963383039,0.0035368649506989235,0,normal
U0216,0.07337627559900284,0.006268076984555191,0.0035327751098727083,0,normal
U0130,0.05761907622218132,0.007947619533574729,0.003517461604371134,0,normal
U0687,0.05784839391708374,0.007861318590373183,0.0034931135923748973,0,normal
U0173,0.054655399173498154,0.008377547555604806,0.0034870965250857542,0,normal
U0534,0.06283170729875565,0.00722098092749825,0.003484986214481014,0,normal
U0152,0.05167597532272339,0.00870608614727632,0.0034848755031031396,0,normal
U0977,0.06037571281194687,0.007362798479445692,0.003471923142146483,0,normal
U0327,0.06844509392976761,0.006586511417542894,0.003462771055129363,0,normal
U0226,0.060346055775880814,0.006899268689985415,0.0034584101246682443,1,cloud_exfil
U0992,0.05373206362128258,0.008365249610242495,0.00345253770754458,0,normal
U0247,0.07077658176422119,0.006262705755301567,0.0034334222458463036,0,normal
U0306,0.05010846629738808,0.008880878757242588,0.0034181652688071652,0,normal
U0845,0.061664070934057236,0.00726875055442696,0.0034135475317419953,0,normal
U0125,0.06605993956327438,0.006611461812779408,0.0034111481629824623,0,normal
U0942,0.06725563853979111,0.006546224855158774,0.003410320881626453,0,normal
U0452,0.0742068886756897,0.005902843782378871,0.003392978737111647,0,normal
U0101,0.06675145775079727,0.006597383393026755,0.0033826610539072974,0,normal
U0224,0.05258134379982948,0.00762000295676732,0.0033761053893879168,1,email_exfil
U0971,0.06920934468507767,0.0063291607086469765,0.003364626539633007,0,normal
U0761,0.0629090666770935,0.006961873725200441,0.0033640728313692535,0,normal
U0133,0.06437529623508453,0.006734043330905592,0.0033579233025475023,0,normal
U0805,0.081483855843544,0.005360948582542964,0.003355360746115507,0,normal
U0198,0.05771706625819206,0.007428314677789055,0.0033485705889533864,0,normal
U0870,0.0656546801328659,0.006637813518983745,0.0033474703804434033,0,normal
U0993,0.06558786332607269,0.006691921252072148,0.003342629960396875,0,normal
U0032,0.06766805797815323,0.006319883063042653,0.0033400861825846743,0,normal
U0810,0.05121364817023277,0.00840469816159081,0.0033341371455641324,0,normal
U0429,0.05797473341226578,0.007485149582307559,0.00333322975294825,0,normal
U0842,0.0607479028403759,0.007067616890421761,0.0033256758353436056,0,normal
U0763,0.05998944863677025,0.0072133858167821386,0.0033238394475609175,0,normal
U0795,0.06090513989329338,0.0069300392940550085,0.0033234219731906826,0,normal
U0244,0.06350871920585632,0.006745945373490751,0.0033185762411496213,0,normal
U0655,0.0614863783121109,0.006500548847498067,0.0032959711020906428,1,usb_exfil
U0619,0.062065716832876205,0.006908500540784535,0.0032935296491362637,0,normal
U0120,0.06429459899663925,0.006657301497228727,0.0032877495244360206,0,normal
U0048,0.06843935698270798,0.006200353080748755,0.003286986852094804,0,normal
U0383,0.06714710593223572,0.0063675761948469205,0.00328418380694456,0,normal
U0147,0.06654228270053864,0.006246817980464555,0.0032730481287964125,0,normal
U0957,0.06190856173634529,0.006856573176874509,0.003260497231464118,0,normal
U0521,0.04893121495842934,0.008515591013941153,0.0032543608889845214,0,normal
U0587,0.07173823565244675,0.005902956302603435,0.0032527168949484145,0,normal
U0418,0.06240197271108627,0.006646819438687589,0.003239493538470195,0,normal
U0867,0.06411583721637726,0.006354699592463028,0.0032339300150524336,0,normal
U0653,0.06422623991966248,0.006608668095899593,0.003232514153591508,0,normal
U0042,0.0578472763299942,0.007250119598627523,0.0032214700060674774,0,normal
U0377,0.05436471849679947,0.007707318374440994,0.003218447643773686,0,normal
U0773,0.060529470443725586,0.006863714375155953,0.0032181160562852083,0,normal
U0731,0.057847533375024796,0.007221688829535412,0.0032088515253970197,0,normal
U0979,0.05600227415561676,0.007478919936602569,0.0031897639403925997,0,normal
U0222,0.0473799929022789,0.008616686264283507,0.0031886010831948153,0,normal
U0499,0.0644678846001625,0.006275040379385085,0.0031853399566990257,0,normal
U0946,0.07040180265903473,0.005786382009186124,0.0031816748778478007,0,normal
U0136,0.05888596549630165,0.007025805485774704,0.003177853907081188,0,normal
U0426,0.05987192690372467,0.006851249868149504,0.003177376414799324,0,normal
U0347,0.06071655824780464,0.006871421014066386,0.003177369342532242,0,normal
U0628,0.06276299804449081,0.006628435132633115,0.003168317440410021,0,normal
U0766,0.05903315544128418,0.006981237278611296,0.0031655880853128275,0,normal
U0490,0.05833672732114792,0.007014608500314306,0.0031431963003954793,0,normal
U0241,0.05330612137913704,0.00753155622832772,0.0031356438136531228,0,normal
U0179,0.05116916820406914,0.00803663901420209,0.0031318201595836124,0,normal
U0316,0.07118842005729675,0.00566439157156727,0.0031234765336180205,0,normal
U0356,0.05684235319495201,0.00720789563406313,0.0031202869539642044,0,normal
U0408,0.048556774854660034,0.008226036297408605,0.003119646406948308,0,normal
U0412,0.05105449631810188,0.007883364713563878,0.003091516871219429,0,normal
U0304,0.07127969712018967,0.005693090488019094,0.003090494173254714,0,normal
U0280,0.06021740660071373,0.0066192618625384135,0.0030875019126797455,0,normal
U0607,0.05462823063135147,0.007352887073458556,0.0030853258378844687,0,normal
U0110,0.06371301412582397,0.006320742328611083,0.003066974987422885,0,normal
U0633,0.04898346588015556,0.008062081457683234,0.003058949574819413,0,normal
U0799,0.06676796823740005,0.0059992276290923375,0.0030505454383647204,0,normal
U0741,0.057854101061820984,0.006923304871406799,0.0030504337905521623,0,normal
U0939,0.04787436127662659,0.008366091118653943,0.003050279106397638,0,normal
U0380,0.047814369201660156,0.008218108562452168,0.0030437286336064346,0,normal
U0563,0.05111398547887802,0.007750256215125382,0.0030428588783253064,0,normal
U0935,0.05507919192314148,0.007173968528334981,0.003035100197442628,0,normal
U0284,0.047944456338882446,0.008187439257549698,0.003015174802934353,0,normal
U0033,0.05514514073729515,0.006679643684631614,0.003015073801839588,1,usb_exfil
U0892,0.04640974849462509,0.008236069352836151,0.003009712795396197,0,normal
U0405,0.08107344061136246,0.004868183013062209,0.003005795967486132,0,normal
U0227,0.06595555692911148,0.005821137360924445,0.002998638804708852,0,normal
U0382,0.04954715818166733,0.007748683543240986,0.002998552053266672,0,normal
U0568,0.053900204598903656,0.0072262008805022695,0.002991757923140016,0,normal
U0835,0.043023038655519485,0.008955189707972029,0.0029843619649245756,0,normal
U0320,0.0611540749669075,0.006400210490708418,0.002980805613468384,0,normal
U0910,0.04576907306909561,0.008228786629312099,0.002965539841597304,0,normal
U0049,0.048309508711099625,0.008026756859557093,0.002953158287704865,0,normal
U0479,0.0477885939180851,0.008112194383549085,0.0029524095258467217,0,normal
U0540,0.052066557109355927,0.007365729951192468,0.002945782373218751,0,normal
U0700,0.06508588790893555,0.005737229119622023,0.00294025415728159,0,normal
U0117,0.058265917003154755,0.006543873408824074,0.0029287040043975486,0,normal
U0612,0.05437871441245079,0.006980016353119967,0.0029154888308148973,0,normal
U0459,0.06496717780828476,0.00576296169731639,0.0029001159351112584,0,normal
U0057,0.0558156743645668,0.006563448922560705,0.0028845902474535765,0,normal
U0694,0.04970189556479454,0.007425031525555856,0.002882280024645218,0,normal
U0228,0.06630110740661621,0.005610915086056896,0.00288157616893201,0,normal
U0472,0.059450626373291016,0.006254987672641476,0.002880437909395295,0,normal
U0974,0.05212312564253807,0.007067075451834998,0.00287696843202012,0,normal
U0109,0.05316661670804024,0.006975420964681689,0.002872665588683363,0,normal
U0885,0.05451925843954086,0.006812586789802265,0.002852909491575204,0,normal
U0079,0.04760687053203583,0.007727827024344454,0.0028497230255497574,0,normal
U0324,0.056351300328969955,0.006575219366029268,0.00284603472317662,0,normal
U0059,0.07163389772176743,0.005112463277023001,0.002836771853288608,0,normal
U0436,0.07274945080280304,0.005028122495556649,0.0028334215571504994,0,normal
U0190,0.04702925309538841,0.007770379775341156,0.0028306485551479756,0,normal
U0828,0.053723275661468506,0.0065777947366576495,0.002827045439056124,0,normal
U0961,0.046877264976501465,0.007847900388373153,0.002825802161208223,0,normal
U0980,0.07373372465372086,0.004963284639541336,0.0028110033353292833,0,normal
U0414,0.05584702268242836,0.00654382682477401,0.0028070996397447905,0,normal
U0567,0.057963911443948746,0.006353994490037339,0.0028049073142465747,0,normal
U0374,0.0484607070684433,0.0074645858578181925,0.0027785708161907445,0,normal
U0187,0.05230293050408363,0.0068482177802100825,0.0027744647468151713,0,normal
U0435,0.0594438835978508,0.006004578957178334,0.0027648104369010964,0,normal
U0729,0.059328436851501465,0.0060506233909249805,0.002757331826929448,0,normal
U0203,0.06120043992996216,0.005804125706165072,0.002751483919810389,0,normal
U0697,0.050299979746341705,0.006859108165033711,0.002738455805374649,0,normal
U0585,0.05749160796403885,0.006194607189800697,0.0027355473316747793,0,normal
U0041,0.05097353085875511,0.006890718282583445,0.0027207261918144416,0,normal
U0651,0.04652075469493866,0.007450792304314478,0.0027071612589561066,0,normal
U0887,0.04805843159556389,0.007270923461984088,0.0027066667728627195,0,normal
U0341,0.04077811539173126,0.008487720270161352,0.0027032307938991773,0,normal
U0393,0.0485413558781147,0.007244574579746221,0.0027011630269555167,0,normal
U0519,0.053172606974840164,0.006555588554905967,0.0027000715151030814,0,normal
U0469,0.05849398300051689,0.005955947502146349,0.0026985948102540213,0,normal
U0051,0.06627320498228073,0.005206822707408286,0.0026951049476940992,0,normal
U0999,0.04971390962600708,0.007118169959900709,0.0026950093029113912,0,normal
U0706,0.05067409202456474,0.006848292288567374,0.0026880905179864027,0,normal
U0748,0.0545746348798275,0.006466002124092296,0.0026874517673594485,0,normal
U0515,0.055111732333898544,0.006381217328079066,0.002678314639201538,0,normal
U0219,0.04847296327352524,0.007068729132384522,0.0026761215034617476,0,normal
U0593,0.0528268963098526,0.006555448888407535,0.0026600116406492722,0,normal
U0379,0.04957512766122818,0.007009291140003244,0.002646378364810227,0,normal
U0505,0.06303736567497253,0.005403174186320333,0.002638290717068367,0,normal
U0453,0.04704810306429863,0.007268976696735281,0.0026268870537703476,0,normal
U0581,0.04212387651205063,0.00817583256886384,0.002622855209858222,0,normal
U0727,0.05388537049293518,0.006130008127391713,0.0026218159323758102,0,normal
U0440,0.06046382337808609,0.005692761675343968,0.00262139583701324,0,normal
U0622,0.044924940913915634,0.0076435858539270546,0.0026151623753648276,0,normal
U0476,0.04955267533659935,0.00678201104259415,0.0026031621720139066,0,normal
U0610,0.05096177011728287,0.006632578898162753,0.002596288413094555,0,normal
U0944,0.055821165442466736,0.006005294427704101,0.0025748931399308707,0,normal
U0218,0.05075530335307121,0.006599167851310101,0.002572744204154335,0,normal
U0656,0.04398297145962715,0.007550297706442658,0.002572315697091854,0,normal
U0786,0.05258326977491379,0.006247109548372673,0.0025656158355911456,0,normal
U0857,0.0574524849653244,0.005837296185836945,0.0025540802841946247,0,normal
U0690,0.047447118908166885,0.006876925975687255,0.00254840890110805,0,normal
U0419,0.04918907955288887,0.006680203731214836,0.002545270996989982,0,normal
U0373,0.042945150285959244,0.007637349401829851,0.002540577290391467,0,normal
U0455,0.047599561512470245,0.00699160700031696,0.0025345096979227156,0,normal
U0422,0.04855627566576004,0.006795292063972085,0.002534425337778427,0,normal
U0166,0.049139995127916336,0.006646899017327238,0.0025300541427351634,0,normal
U0129,0.043551597744226456,0.007552422066809821,0.0025264828269188676,0,normal
U0016,0.04816393926739693,0.00675111050451657,0.002518679120932174,0,normal
U0036,0.05820748955011368,0.0056181115030964155,0.0025118588376242413,0,normal
U0494,0.054190557450056076,0.005885942586746201,0.0025115133144262385,0,normal
U0837,0.04148852080106735,0.007738794534444595,0.002507645751644089,0,normal
U0754,0.052949853241443634,0.006112181174012221,0.0025068976591338743,0,normal
U0643,0.06111278384923935,0.005241596514966271,0.0025018459916544664,0,normal
U0372,0.043557681143283844,0.007436484741215975,0.0024880462456014565,0,normal
U0876,0.04746963456273079,0.006792038384502521,0.0024765210617351666,0,normal
U0636,0.04296384006738663,0.00749920543256525,0.002474824164437998,0,normal
U0015,0.058702822774648666,0.005488444871668996,0.0024747668920701766,0,normal
U0212,0.052527137100696564,0.0061785606490813,0.0024716390144112546,0,normal
U0008,0.05169844254851341,0.006166214041558268,0.002469287630798899,0,normal
U0714,0.072477787733078,0.004394535981416917,0.0024671387732023422,0,normal
U0257,0.04075503349304199,0.007793281463621801,0.00246023867400539,0,normal
U0507,0.050575122237205505,0.0063152231059151655,0.002453305570579118,0,normal
U0866,0.07225167006254196,0.004442764901952991,0.0024446417199093145,0,normal
U0888,0.04574448987841606,0.006866152639774251,0.0024329202208528576,0,normal
U0941,0.05608820542693138,0.005684761212282395,0.0024282744396702835,0,normal
U0050,0.04722212627530098,0.006684147177276304,0.0024244740943760584,0,normal
U0213,0.05003457888960838,0.006178439674127902,0.0024144264328516637,0,normal
U0269,0.05936932563781738,0.0052857848905829485,0.0024104471114801554,0,normal
U0196,0.04884573444724083,0.006479614117602519,0.002410403691699786,0,normal
U0919,0.04570454731583595,0.006736617334771851,0.0024047293708432116,0,normal
U0020,0.04726075753569603,0.006488465769149623,0.0023950115596003173,0,normal
U0017,0.045461256057024,0.006836775160582735,0.0023873645139049784,0,normal
U0820,0.05080809071660042,0.006112731065207001,0.0023855810156747145,0,normal
U0744,0.06174115091562271,0.005010016292544606,0.0023557427101700544,0,normal
U0631,0.04641660302877426,0.006538577984489772,0.002350889881640799,0,normal
U0713,0.05721502751111984,0.005370156485645045,0.002339974092460843,0,normal
U0864,0.05360649153590202,0.0056315568096730806,0.0023384144118304495,0,normal
U0712,0.041283972561359406,0.007432615186545412,0.00233688384291344,0,normal
U0397,0.05405280739068985,0.0055299430157633575,0.0023345534885667726,0,normal
U0271,0.04809900000691414,0.006318432641838796,0.002334379244698154,0,normal
U0077,0.05047522485256195,0.005916346321298272,0.00233236635436344,0,normal
U0289,0.0475524440407753,0.006359745493709785,0.0023229431710028855,0,normal
U0665,0.056212808936834335,0.005423464735266516,0.0023218069389250155,0,normal
U0343,0.05351009592413902,0.005601417493683887,0.002321717089424245,0,normal
U0034,0.03937634453177452,0.007688491022737912,0.002305634726702324,0,normal
U0743,0.056514445692300797,0.005153168572288361,0.002274567027675889,0,normal
U0185,0.04130006954073906,0.0070917848644967306,0.0022687255422243428,0,normal
U0305,0.05740106478333473,0.0050917072343198795,0.002263909167860262,0,normal
U0762,0.041791532188653946,0.006981519385029363,0.002260028247146048,0,normal
U0322,0.04508940130472183,0.006563123471143376,0.0022537152335786017,0,normal
U0243,0.03870680555701256,0.0074918342394454385,0.002246213927995963,0,normal
U0746,0.03974160924553871,0.007333700534472574,0.0022386934399331207,0,normal
U0671,0.046293869614601135,0.006232176688763562,0.002234801050672985,0,normal
U0844,0.044476401060819626,0.006541289878732564,0.0022346990224416468,0,normal
U0813,0.05078098177909851,0.005717668419546792,0.002230211572126135,0,normal
U0603,0.05210072919726372,0.005489933458953071,0.002215575262434343,0,normal
U0194,0.04455901309847832,0.0063629176782633,0.002214403633694206,0,normal
U0934,0.04105488955974579,0.007016652048351115,0.0022126913325717116,0,normal
U0757,0.04292405769228935,0.00675847906095951,0.002209346022176058,0,normal
U0088,0.04663362354040146,0.006110859217556216,0.0022073798112684723,0,normal
U0709,0.04345669224858284,0.006608383000122743,0.0022058596552774028,0,normal
U0576,0.048106465488672256,0.005814569496655415,0.0021846704400243144,0,normal
U0475,0.04167408123612404,0.006754604259185726,0.002180427087744829,0,normal
U0841,0.05303698405623436,0.005395634006319973,0.00217939173682517,0,normal
U0075,0.053832944482564926,0.005313794262135694,0.0021785466658051996,0,normal
U0264,0.048173461109399796,0.005934769278428184,0.0021773371707770944,0,normal
U0620,0.04902753606438637,0.005813945331220597,0.0021708259694123784,0,normal
U0815,0.041517965495586395,0.006692551180869904,0.0021701646365518234,0,normal
U0308,0.03764910623431206,0.007250921420419463,0.0021667965934514437,0,normal
U0681,0.053500350564718246,0.005258008943729606,0.0021607471761046727,0,normal
U0313,0.04367953911423683,0.0064185846536232065,0.002153492316079599,0,normal
U0740,0.04192217439413071,0.006724608051063468,0.0021469640543051592,0,normal
U0276,0.04493768885731697,0.006273131550815065,0.0021468866958917806,0,normal
U0664,0.03977663442492485,0.006909699129273279,0.002146604762591611,0,normal
U0319,0.047288570553064346,0.005847897114351023,0.0021420595227953742,0,normal
U0577,0.04596737027168274,0.005979396762014252,0.0021290342900386694,0,normal
U0584,0.0566803514957428,0.0049044256135057996,0.002117067394216775,0,normal
U0873,0.04233613610267639,0.006491370176479257,0.0021109288741554934,0,normal
U0932,0.041172586381435394,0.006679008766155903,0.0020942771757473454,0,normal
U0711,0.0470464713871479,0.005693773560710911,0.002092146849011602,0,normal
U0916,0.040101923048496246,0.006722703654819876,0.0020882610681047307,0,normal
U0780,0.043831150978803635,0.006198997141807641,0.002087037809846679,0,normal
U0756,0.058653730899095535,0.004628357495949646,0.0020852039780271943,0,normal
U0506,0.041237231343984604,0.006562138813317833,0.0020785521156712543,0,normal
U0346,0.04907020181417465,0.005359638370691755,0.002037177903889343,0,normal
U0399,0.055496279150247574,0.004773533978633742,0.002034838237877805,0,normal
U0705,0.04739055410027504,0.00547070662707938,0.0020248839124572264,0,normal
U0098,0.050491027534008026,0.005243801133047029,0.0020163894610890393,0,normal
U0118,0.04663711041212082,0.00550977234082088,0.0020069206711315147,0,normal
U0389,0.0398053377866745,0.00655929075632831,0.0020055070914228473,0,normal
U0508,0.044470254331827164,0.0056273560902357555,0.001970470128334322,0,normal
U0528,0.03675355762243271,0.006921239489281561,0.0019704203580198664,0,normal
U0523,0.04363948479294777,0.005758488005398487,0.0019626958254033073,0,normal
U0638,0.04165058583021164,0.006136405668900713,0.0019464765391547358,0,normal
U0696,0.04122139513492584,0.006169863243344323,0.0019369223970470508,0,normal
U0058,0.04203096777200699,0.005799462134500717,0.0019347612551740307,0,normal
U0387,0.046292971819639206,0.005346918545500721,0.0019332300949421654,0,normal
U0002,0.04630187153816223,0.005430925982398864,0.0019315165575610254,0,normal
U0958,0.039621058851480484,0.006281849634478931,0.0019279210248159284,0,normal
U0673,0.043033499270677567,0.005869942395289117,0.0019237759817636348,0,normal
U0481,0.0410861000418663,0.006084479337194977,0.0019201906281210309,0,normal
U0265,0.034129057079553604,0.007274897337748309,0.0019071162406794824,0,normal
U0646,0.04645146429538727,0.005250942066759605,0.001905028832779008,0,normal
U0500,0.0329509861767292,0.007467824083397642,0.0018901161879948919,0,normal
U0162,0.043672364205121994,0.005562733689928715,0.001881787577944766,0,normal
U0122,0.04797262325882912,0.005060487125410873,0.0018804483831143983,0,normal
U0258,0.04102581366896629,0.00596273791970344,0.0018790093027713027,0,normal
U0703,0.05036221444606781,0.0048260889275991495,0.001866921872810981,0,normal
U0013,0.04136641323566437,0.00590294373017778,0.0018596469672607333,0,normal
U0836,0.03778092563152313,0.006280999686032374,0.0018381332488453769,0,normal
U0353,0.037165895104408264,0.006375435151350454,0.001835397156913247,0,normal
U0277,0.03707831725478172,0.0064357908209570006,0.0018329387045875546,0,normal
U0232,0.03363027051091194,0.007016717340018393,0.001827847536250063,0,normal
U0286,0.04774906858801842,0.004930284183190755,0.001823528194502518,0,normal
U0386,0.041771553456783295,0.0057151939440230086,0.0018181327765082482,0,normal
U0266,0.042092613875865936,0.005655177992257803,0.0018128679489885081,0,normal
U0206,0.044891174882650375,0.005206558115241992,0.0018104532604062496,0,normal
U0561,0.06331398338079453,0.0037419630142122074,0.0018043181810177163,0,normal
U0853,0.03652430325746536,0.0064676704264104105,0.001799052421718901,0,normal
U0161,0.035762324929237366,0.006534164391415304,0.0017949064044422798,0,normal
U0352,0.04924152046442032,0.004742494340641406,0.001793759778522832,0,normal
U0193,0.03782554343342781,0.00616245539795581,0.0017904614345093741,0,normal
U0413,0.03523483872413635,0.006608122915599393,0.0017884483666562802,0,normal
U0966,0.04780854657292366,0.004910548129785262,0.001787925875743099,0,normal
U0827,0.035097647458314896,0.006610937720663861,0.001782243662234125,0,normal
U0493,0.0390385203063488,0.005933547088691246,0.0017792367780437835,0,normal
U0067,0.04217575117945671,0.005444592120776785,0.0017787044923731085,0,normal
U0571,0.04841683804988861,0.0047992400388180995,0.001769631713095401,0,normal
U0614,0.034692827612161636,0.006677783581028115,0.0017643552532984508,0,normal
U0089,0.04779187589883804,0.004648294555663817,0.0017492164912968663,0,normal
U0689,0.03272154554724693,0.006883967888825282,0.0017448105144104978,0,normal
U0261,0.03747822344303131,0.005966531480820928,0.0017321143420644463,0,normal
U0378,0.04547256603837013,0.004869987490253169,0.0017295862557150396,0,normal
U0963,0.03793962672352791,0.005893799464005559,0.0017175698756757868,0,normal
U0456,0.042735978960990906,0.005160421085624336,0.0016939664467857727,0,normal
U0520,0.03937578946352005,0.005511920830712332,0.0016811554409257921,0,normal
U0879,0.04199478030204773,0.005164320872040662,0.0016799028116890784,0,normal
U0014,0.04298024997115135,0.005017362470698572,0.0016703982995253698,0,normal
U0223,0.03627971187233925,0.006029815631344373,0.0016660263247133304,0,normal
U0560,0.039945296943187714,0.005367872375100546,0.0016608999069399227,0,normal
U0781,0.03516875579953194,0.00614710647887015,0.001660556840059504,0,normal
U0527,0.042548052966594696,0.0050637336451748345,0.001640833603131984,0,normal
U0148,0.03660739213228226,0.0058178212360471045,0.0016358940384320867,0,normal
U0351,0.033056411892175674,0.006368262343825867,0.0016306181895753445,0,normal
U0432,0.04254601523280144,0.0049816884855879455,0.001628026477801289,0,normal
U0881,0.0389954037964344,0.005334186578600148,0.0016246003469238776,0,normal
U0623,0.0407770536839962,0.005164303103903599,0.0016175345758850635,0,normal
U0317,0.04372459650039673,0.004847351250367834,0.0016141515149105921,0,normal
U0029,0.03455936536192894,0.005963620681279735,0.001596435571091126,0,normal
U0986,0.03866451606154442,0.005343114543717031,0.001586839743399099,0,normal
U0236,0.03627784922719002,0.005620942194343378,0.0015663061615990887,0,normal
U0395,0.04418513551354408,0.004536246499841177,0.0015654447876531361,0,normal
U0642,0.03732549026608467,0.005447273752536804,0.0015617471710548316,0,normal
U0896,0.03573135659098625,0.005733886229042332,0.0015603160411869095,0,normal
U0278,0.03406792879104614,0.005845082734217518,0.0015424532813606733,0,normal
U0111,0.04295111820101738,0.004700884259405264,0.001537687309583076,0,normal
U0332,0.03634161129593849,0.005480834584273431,0.0015299487378640118,0,normal
U0480,0.03192661702632904,0.006212122728868508,0.0015104519935974596,0,normal
U0621,0.036356519907712936,0.005382790184751422,0.0015031965244703702,0,normal
U0677,0.032385144382715225,0.005941272290990545,0.0015027620249852655,0,normal
U0862,0.036134298890829086,0.005296047378906121,0.0014946393494568288,0,normal
U0139,0.039385974407196045,0.004960030264654322,0.0014877841154309287,0,normal
U0859,0.03602218255400658,0.0052921082052686565,0.0014766390982735792,0,normal
U0900,0.03601488471031189,0.005282983775176339,0.0014737944983089616,0,normal
U0442,0.039412688463926315,0.004853972415898463,0.0014694654191283354,0,normal
U0360,0.02979261241853237,0.006333952449419182,0.0014617025703537849,0,normal
U0424,0.03355864807963371,0.005520762591255525,0.001458812154816766,0,normal
U0047,0.03513527661561966,0.005326497371861253,0.0014496418535027721,0,normal
U0824,0.029613571241497993,0.006307292264299859,0.0014224851345199182,0,normal
U0732,0.03616810590028763,0.0051133807082806015,0.001420561041430183,0,normal
U0929,0.031828414648771286,0.005771832417347719,0.0013990805435924267,0,normal
U0457,0.03338359296321869,0.005428485831097054,0.0013919953706244385,0,normal
U0315,0.030582722276449203,0.005824313425426041,0.0013681914888053388,0,normal
U0596,0.029888326302170753,0.00584813870571376,0.0013539258675193371,0,normal
U0982,0.030241595581173897,0.005827763052448533,0.0013422103512882564,0,normal
U0574,0.030253641307353973,0.005721051966200571,0.0013181582220809559,0,normal
U0385,0.03460798040032387,0.0048526593220837334,0.0013008633683326614,0,normal
U0454,0.02732047811150551,0.006027281190313261,0.0012755144221812272,0,normal
U0091,0.03390512242913246,0.0047905883759013805,0.0012685835946458722,0,normal
U0444,0.04015843942761421,0.004103997301079808,0.001265930606415329,0,normal
U0037,0.027331050485372543,0.005945656498245455,0.0012587276272284325,0,normal
U0774,0.029107093811035156,0.005476014225179472,0.0012550448848182866,0,normal
U0831,0.027132000774145126,0.0060667095125577835,0.0012535712349072733,0,normal
U0391,0.026581384241580963,0.00606907865003604,0.0012391570862187002,0,normal
U0609,0.029584068804979324,0.005407398419072829,0.0012287747526311987,0,normal
U0555,0.03202059864997864,0.004951419791544109,0.0012178258862304177,0,normal
U0252,0.03676224127411842,0.00422530413655432,0.0012131789700432383,0,normal
U0114,0.02665129117667675,0.0058732539427031345,0.001212474624773378,0,normal
U0024,0.035878971219062805,0.0043278789249702266,0.0012027924948914506,0,normal
U0004,0.02737840823829174,0.005678389137783289,0.00119415128968251,0,normal
U0918,0.038200996816158295,0.004068151686497158,0.0011937072708628586,0,normal
U0884,0.030558710917830467,0.004977181918587151,0.0011879097922041764,0,normal
U0112,0.027824802324175835,0.005469462377853536,0.0011788331826857875,0,normal
U0618,0.02835880219936371,0.005333493970684392,0.0011617848202787114,0,normal
U0182,0.028148192912340164,0.005217472642396417,0.0011470322186076544,0,normal
U0339,0.02173568867146969,0.006679277732838854,0.001133881905177268,0,normal
U0794,0.030641159042716026,0.004680673647535807,0.0011293001751169845,0,normal
U0392,0.02894732542335987,0.00491005526776119,0.0011100939647784086,0,normal
U0738,0.030720697715878487,0.004636671257492449,0.0010848042476449063,0,normal
U0775,0.029838915914297104,0.0046922455054451955,0.001084524563396246,0,normal
U0659,0.027621235698461533,0.0051326122215229475,0.0010796812374831973,0,normal
U0040,0.02498990297317505,0.005508978314860495,0.0010663781994144134,0,normal
U0750,0.031824417412281036,0.004271499922186687,0.0010529711931241154,0,normal
U0792,0.034899383783340454,0.003876352473633337,0.0010391231606258484,0,normal
U0290,0.02536388672888279,0.005204822929446232,0.0010225802237619236,0,normal
U0699,0.025503378361463547,0.005209707557477141,0.0010118707826969778,0,normal
U0606,0.025972293689846992,0.00509384630552745,0.0010075581932793704,0,normal
U0463,0.026971645653247833,0.004807277005470958,0.0009959386784306637,0,normal
U0524,0.022886229678988457,0.005311520368358684,0.000957169712867294,0,normal
U0855,0.02758823335170746,0.004424626973997867,0.0009376193450983879,0,normal
U0897,0.025681592524051666,0.004653706428640435,0.0009180090018919294,0,normal
U0529,0.024204418063163757,0.004809075828967663,0.0009165414603216462,0,normal
U0191,0.024530990049242973,0.004786916343603526,0.0009019800250790419,0,normal
U0889,0.02619505673646927,0.004377518268372159,0.0008955961709238581,0,normal
U0208,0.02438492141664028,0.004822316194867168,0.0008955524790141354,0,normal
U0765,0.02683294005692005,0.004316092097385189,0.0008895799162675369,0,normal
U0342,0.030884768813848495,0.0037304211631155274,0.0008849693444173686,0,normal
U0767,0.02317589521408081,0.004919491510172709,0.0008831457010366672,0,normal
U0996,0.02458031475543976,0.0047105630474263685,0.0008818084526352298,0,normal
U0850,0.022641697898507118,0.004828226673052379,0.0008396970901221242,0,normal
U0847,0.02182074263691902,0.004939204057442718,0.0008348378312100682,0,normal
U0071,0.019652852788567543,0.005331200269953721,0.0008115704462894501,0,normal
U0248,0.0220556128770113,0.004704337688296315,0.0008036986603420403,0,normal
U0137,0.0263954009860754,0.003923185188715431,0.0008021261927205035,0,normal
U0467,0.021310951560735703,0.004812933641098148,0.0007878412601944699,0,normal
U0255,0.027649713680148125,0.003687860919285413,0.0007832333625209363,0,normal
U0907,0.025016574189066887,0.0039600205402339364,0.0007673630799264908,0,normal
U0267,0.02279742993414402,0.0043563591906280695,0.0007628437220043737,0,normal
U0902,0.02539210207760334,0.0038364037660859798,0.000741885632849587,0,normal
U0019,0.018379149958491325,0.005134416118279973,0.0007370236125452276,0,normal
U0470,0.021079538390040398,0.004393751935213466,0.0007114143739038475,0,normal
U0976,0.019909484311938286,0.004502482993496519,0.0007001272959070014,0,normal
U0676,0.021303974092006683,0.003992417490324603,0.000658828230141798,0,normal
U0658,0.02073592133820057,0.004077636092086775,0.0006439405854673494,0,normal
U0131,0.020927997305989265,0.003919411846076291,0.0006246871441810969,0,normal
U0962,0.019117172807455063,0.004190298877195935,0.0006100742058526506,0,normal
U0928,0.018868017941713333,0.0033678512592748198,0.0004922149591521845,0,normal
U0797,0.017166633158922195,0.0029225237628891006,0.00039503813516402896,0,normal
